%SpO2	BPM	Pulse Amplitude	Current time
100	 86	  1	22:24:43
100	 87	  2	22:24:43
100	 87	  2	22:24:43
100	 83	  2	22:24:50
100	 82	  1	22:24:52
100	 82	  1	22:24:54
100	 82	  2	22:24:56
100	 82	  2	22:24:58
100	 82	  2	22:25:00
100	 83	  2	22:25:02
100	 83	  2	22:25:04
100	 83	  1	22:25:06
100	 84	  1	22:25:08
100	 84	  1	22:25:10
100	 83	  2	22:25:12
100	 83	  1	22:25:14
100	 84	  1	22:25:16
100	 85	  1	22:25:18
100	 85	  2	22:25:20
100	 85	  2	22:25:22
100	 85	  3	22:25:24
100	 85	  2	22:25:26
100	 86	  2	22:25:28
 99	 87	  7	22:25:34
 98	 85	  2	22:25:36
 98	 84	  1	22:25:38
 98	 85	  1	22:25:40
 98	 85	  1	22:25:42
 97	 84	  2	22:25:44
 97	 85	  1	22:25:46
 99	 85	  2	22:25:48
100	 86	  2	22:25:50
100	 86	  2	22:25:52
100	 86	  2	22:25:54
100	 87	  2	22:25:56
100	 88	  2	22:25:58
 99	 89	  2	22:26:00
 99	 89	  1	22:26:02
100	 91	  2	22:26:04
100	 93	  2	22:26:06
100	 93	  1	22:26:08
100	 92	  1	22:26:10
100	 92	  1	22:26:12
100	 89	  2	22:26:16
100	 86	  2	22:26:18
 99	 85	  2	22:26:20
100	 84	  2	22:26:22
100	 84	  1	22:26:24
100	 83	  1	22:26:26
100	 83	  2	22:26:28
100	 84	  5	22:26:30
100	 84	  7	22:26:32
100	 89	  2	22:26:34
100	 88	  2	22:26:36
100	 90	  4	22:26:38
100	 95	  1	22:26:40
100	 98	  1	22:26:42
100	101	  1	22:26:44
100	 99	  1	22:26:46
100	 94	  2	22:26:48
100	 90	  2	22:26:50
100	 87	  2	22:26:52
100	 85	  3	22:26:54
100	 82	  3	22:26:56
100	 81	  2	22:27:02
100	 82	  2	22:27:04
100	 81	  2	22:27:06
100	 81	  2	22:27:08
100	 84	  2	22:27:10
100	 86	  1	22:27:12
100	 86	  2	22:27:14
100	 85	  2	22:27:16
100	 87	  2	22:27:18
100	 89	  2	22:27:20
100	 89	  2	22:27:22
100	 89	  2	22:27:24
100	 87	  2	22:27:26
100	 89	  1	22:27:28
100	 92	  1	22:27:30
100	 91	  1	22:27:32
100	 90	  1	22:27:34
100	 87	  1	22:27:36
100	 87	  1	22:27:38
100	 88	  1	22:27:40
100	 89	  1	22:27:46
100	 89	  1	22:27:48
100	 89	  1	22:27:50
100	 88	  1	22:27:52
100	 88	  1	22:27:54
100	 88	  1	22:27:56
100	 89	  1	22:27:58
100	 90	  1	22:28:00
100	 93	  1	22:28:02
100	 96	  1	22:28:04
100	 97	  1	22:28:06
100	 97	  2	22:28:08
100	 98	  3	22:28:10
 98	 96	  2	22:28:12
 98	 94	  1	22:28:14
 98	 96	  1	22:28:16
100	 97	  1	22:28:18
100	 97	  1	22:28:20
100	 96	  2	22:28:22
100	 95	  2	22:28:24
100	 89	  2	22:28:30
100	 92	  2	22:28:32
100	 92	  1	22:28:34
%SpO2	BPM	Pulse Amplitude	Current time
100	 81	  3	22:41:15
%SpO2	BPM	Pulse Amplitude	Current time
			22:41:21
100	 81	  3	22:41:23
100	 80	  3	22:41:25
100	 80	  3	22:41:27
100	 79	  3	22:41:29
100	 79	  3	22:41:31
100	 77	  3	22:41:41
100	 77	  3	22:41:43
100	 79	  3	22:41:47
00 	79 	 3 	22:41:49
100	 78	  3	22:41:53
   	   		22:41:55
100	 82	  4	22:41:59
100	 81	  3	22:42:01
100	 79	  3	22:42:03
100	 80	  3	22:42:05
   	   	   	22:42:07
10 	0  	3  	22:42:09
100	   	 	22:42:11
100	 78	  4	22:42:15
   	   	 	22:42:17
100	 78	  4	22:42:19
100	 77	  3	22:42:23
100	 79	  4	22:42:27
100	 79	  4	22:42:29
100	   	   	22:42:31
%SpO2	BPM	Pulse Amplitude	Current time
100	 77	  3	22:42:33
00 	78 	 3 	22:42:35
100	 78	  3	22:42:37
   	   		22:42:43
100	 80	  3	22:42:47
100	 78	  3	22:42:49
100	 77	  3	22:42:51
100	 77	  3	22:42:53
100	 78	  3	22:42:55
100	 77	  3	22:42:57
00 	77 	 3 	22:42:59
100	 79	   	22:43:03
100	 84	  3	22:43:07
100	 84	  3	22:43:09
100	 84	  2	22:43:11
100	 88	  3	22:43:15
100	 93	  4	22:43:17
100	 97	  6	22:43:19
100	100	  3	22:43:21
   	S  	   	22:43:23
100	101	  3	22:43:25
100	 94	  5	22:43:29
00 	88 	 4 	22:43:31
100	 85	  4	22:43:33
100	 82	  4	22:43:35
100	 81	  4	22:43:37
00 	79 	 3 	22:43:39
100	 73	  3	22:43:41
00 	77 	 5 	22:43:43
100	 80	  4	22:43:45
   			22:43:47
			22:43:57
   	   	   	22:43:59
100	 76	  3	22:44:05
100	 77	  3	22:44:07
100	 79	  4	22:44:09
100	 79	  4	22:44:11
   	   	   	22:44:15
00 	78 	 3 	22:44:17
100	 78	  3	22:44:19
100	 76	  3	22:44:23
100	 76	  3	22:44:25
   			22:44:27
100	 77	   	22:44:29
100	 77	  3	22:44:31
%SpO2	BPM	Pulse Amplitude	Current time
100	 80	  3	22:44:39
100	 79	  3	22:44:41
100	 79	  3	22:44:43
100	 81	  3	22:44:45
100	 82	  3	22:44:47
100	 80	  3	22:44:49
100	 79	  3	22:44:51
100	 79	  3	22:44:53
100	 79	  3	22:44:55
100	 79	  3	22:44:57
100	 81	  3	22:44:59
100	 83	  3	22:45:01
100	 86	  2	22:45:03
100	 89	  3	22:45:05
100	 90	  3	22:45:07
100	 89	  3	22:45:09
100	 85	  3	22:45:11
100	 85	  3	22:45:13
100	 84	  3	22:45:15
100	 79	  3	22:45:19
100	 79	  3	22:45:21
100	 77	  3	22:45:23
100	 77	  2	22:45:25
100	 76	  3	22:45:27
100	 75	  3	22:45:29
100	 75	  3	22:45:31
100	 75	  3	22:45:33
100	 76	  4	22:45:35
100	 76	  3	22:45:37
100	 76	  3	22:45:39
100	 76	  3	22:45:41
100	 77	  3	22:45:43
100	 79	  3	22:45:45
100	 78	  3	22:45:47
100	 77	  3	22:45:49
100	 76	  3	22:45:51
100	 77	  3	22:45:53
100	 78	  3	22:45:55
100	 78	  3	22:45:57
100	 78	  3	22:45:59
100	 78	  3	22:46:03
100	 78	  3	22:46:05
100	 78	  2	22:46:07
100	 77	  2	22:46:09
100	 75	  3	22:46:11
100	 76	  3	22:46:13
100	 76	  3	22:46:15
100	 76	  3	22:46:17
100	 76	  3	22:46:19
100	 75	  3	22:46:21
100	 75	  3	22:46:23
100	 76	  3	22:46:25
100	 77	  2	22:46:27
100	 77	  2	22:46:29
100	 76	  3	22:46:31
100	 75	  2	22:46:33
100	 75	  2	22:46:35
100	 77	  2	22:46:37
100	 78	  2	22:46:39
100	 77	  3	22:46:41
100	 77	  3	22:46:43
100	 78	  2	22:46:47
100	 77	  2	22:46:49
100	 77	  3	22:46:51
100	 77	  3	22:46:53
100	 77	  3	22:46:55
100	 76	  3	22:46:57
100	 76	  3	22:46:59
100	 76	  3	22:47:01
100	 76	  3	22:47:03
100	 76	  3	22:47:05
100	 76	  3	22:47:07
100	 75	  3	22:47:09
100	 75	  3	22:47:11
100	 76	  3	22:47:13
100	 77	  3	22:47:15
100	 76	  3	22:47:17
100	 75	  3	22:47:19
100	 76	  3	22:47:21
100	 78	  3	22:47:23
100	 77	  3	22:47:25
100	 76	  3	22:47:27
100	 80	  2	22:47:33
100	 80	  2	22:47:35
100	 79	  3	22:47:37
100	 79	  3	22:47:39
100	 79	  2	22:47:41
100	 79	  2	22:47:43
100	 77	  2	22:47:45
100	 75	  2	22:47:47
100	 75	  2	22:47:49
100	 77	  2	22:47:51
100	 78	  2	22:47:53
100	 78	  2	22:47:55
100	 77	  3	22:47:57
100	 77	  2	22:47:59
100	 78	  3	22:48:01
100	 78	  2	22:48:03
100	 77	  2	22:48:05
100	 76	  2	22:48:07
100	 76	  2	22:48:09
100	 76	  2	22:48:11
100	 76	  2	22:48:17
100	 76	  2	22:48:19
100	 75	  2	22:48:21
100	 74	  2	22:48:23
100	 74	  2	22:48:25
100	 75	  2	22:48:27
100	 75	  2	22:48:29
100	 74	  3	22:48:31
100	 74	  3	22:48:33
100	 75	  2	22:48:35
100	 76	  2	22:48:37
100	 77	  2	22:48:39
100	 79	  2	22:48:41
100	 82	  2	22:48:43
100	 84	  3	22:48:45
100	 83	  3	22:48:47
100	 82	  2	22:48:49
100	 82	  2	22:48:51
100	 82	  2	22:48:53
100	 80	  2	22:48:55
100	 78	  2	22:48:59
100	 77	  2	22:49:01
100	 78	  2	22:49:03
100	 77	  2	22:49:05
100	 76	  2	22:49:07
100	 76	  2	22:49:09
100	 76	  2	22:49:11
100	 76	  2	22:49:13
100	 77	  2	22:49:15
100	 77	  2	22:49:17
100	 77	  2	22:49:19
100	 77	  2	22:49:21
100	 77	  2	22:49:23
100	 77	  2	22:49:25
100	 76	  2	22:49:27
100	 77	  2	22:49:29
100	 76	  2	22:49:31
100	 77	  2	22:49:33
100	 78	  2	22:49:35
100	 79	  2	22:49:37
100	 78	  2	22:49:39
100	 76	  2	22:49:43
100	 78	  2	22:49:45
100	 78	  2	22:49:47
100	 78	  3	22:49:49
100	 77	  3	22:49:51
100	 77	  2	22:49:53
100	 76	  2	22:49:55
100	 75	  3	22:49:57
100	 75	  3	22:49:59
100	 74	  3	22:50:01
100	 74	  2	22:50:03
100	 74	  2	22:50:05
100	 73	  3	22:50:07
100	 73	  3	22:50:09
100	 72	  3	22:50:11
100	 72	  3	22:50:13
100	 73	  3	22:50:15
100	 72	  3	22:50:17
100	 72	  3	22:50:19
100	 73	  3	22:50:21
100	 77	  3	22:50:23
100	 77	  2	22:50:29
100	 77	  2	22:50:31
100	 78	  2	22:50:33
100	 79	  2	22:50:35
100	 78	  3	22:50:37
100	 76	  4	22:50:39
100	 76	  4	22:50:41
100	 75	  4	22:50:43
100	 75	  4	22:50:45
100	 74	  4	22:50:47
100	 76	  4	22:50:49
100	 80	  4	22:50:51
100	 83	  4	22:50:53
100	 84	  3	22:50:55
100	 83	  3	22:50:57
100	 84	  3	22:50:59
100	 87	  3	22:51:01
100	 88	  3	22:51:03
100	 89	  3	22:51:05
100	 90	  4	22:51:07
100	 86	  4	22:51:13
100	 83	  4	22:51:15
100	 82	  4	22:51:17
100	 85	  4	22:51:19
100	 85	  5	22:51:21
100	 84	  5	22:51:23
100	 84	  4	22:51:25
100	 86	  4	22:51:27
100	 88	  3	22:51:29
100	 90	  2	22:51:31
100	 92	  4	22:51:33
100	 94	  3	22:51:35
100	 94	  3	22:51:37
100	 95	  3	22:51:39
100	 93	  7	22:51:41
100	 92	  9	22:51:43
100	 90	  6	22:51:45
100	 87	  3	22:51:47
100	 85	  3	22:51:49
100	 84	  3	22:51:51
100	 87	  4	22:51:57
100	 85	  4	22:51:59
100	 85	  3	22:52:01
100	 83	  3	22:52:03
100	 80	  3	22:52:05
100	 78	  3	22:52:07
100	 77	  3	22:52:09
100	 76	  4	22:52:11
100	 75	  4	22:52:13
100	 76	  4	22:52:15
100	 76	  4	22:52:17
100	 76	  4	22:52:19
100	 76	  5	22:52:21
100	 77	  4	22:52:23
100	 77	  3	22:52:25
100	 78	  3	22:52:27
100	 77	  3	22:52:29
100	 77	  3	22:52:31
100	 79	  3	22:52:33
100	 78	  3	22:52:35
100	 77	  3	22:52:41
100	 78	  4	22:52:43
100	 78	  4	22:52:45
100	 77	  4	22:52:47
100	 76	  4	22:52:49
100	 77	  3	22:52:51
100	 78	  3	22:52:53
100	 78	  3	22:52:55
100	 78	  4	22:52:57
100	 77	  3	22:52:59
100	 78	  3	22:53:01
100	 80	  3	22:53:03
100	 83	  3	22:53:05
100	 87	  4	22:53:07
100	 88	  3	22:53:09
100	 87	  3	22:53:11
100	 87	  3	22:53:13
100	 87	  3	22:53:15
100	 87	  4	22:53:17
100	 87	  5	22:53:19
100	 84	  3	22:53:25
100	 83	  3	22:53:27
100	 80	  3	22:53:29
100	 79	  2	22:53:31
100	 78	  3	22:53:33
100	 77	  3	22:53:35
100	 76	  3	22:53:37
100	 76	  3	22:53:39
100	 77	  2	22:53:41
100	 77	  2	22:53:43
100	 77	  2	22:53:45
100	 78	  2	22:53:47
100	 79	  2	22:53:49
100	 80	  2	22:53:51
100	 78	  2	22:53:53
100	 77	  2	22:53:55
100	 77	  2	22:53:57
100	 77	  3	22:53:59
100	 77	  3	22:54:01
100	 76	  3	22:54:03
100	 77	  3	22:54:07
100	 78	  3	22:54:09
100	 80	  2	22:54:11
100	 80	  2	22:54:13
100	 80	  2	22:54:15
100	 81	  2	22:54:17
100	 83	  2	22:54:19
100	 84	  2	22:54:21
100	 86	  2	22:54:23
100	 85	  3	22:54:25
100	 84	  3	22:54:27
100	 84	  3	22:54:29
100	 82	  3	22:54:31
100	 81	  2	22:54:33
100	 80	  2	22:54:35
100	 79	  2	22:54:37
100	 78	  2	22:54:39
100	 77	  2	22:54:41
100	 77	  2	22:54:43
100	 78	  2	22:54:45
100	 78	  3	22:54:47
100	 80	  3	22:54:53
100	 79	  3	22:54:55
100	 79	  3	22:54:57
100	 77	  3	22:54:59
100	 76	  3	22:55:01
100	 75	  2	22:55:03
100	 74	  2	22:55:05
100	 75	  2	22:55:07
100	 76	  3	22:55:09
100	 73	  3	22:55:11
100	 71	  3	22:55:13
100	 72	  3	22:55:15
100	 73	  2	22:55:17
100	 74	  2	22:55:19
100	 73	  3	22:55:21
100	 72	  3	22:55:23
100	 73	  3	22:55:25
100	 75	  2	22:55:27
100	 76	  2	22:55:29
100	 77	  2	22:55:31
100	 82	  3	22:55:37
100	 82	  3	22:55:39
100	 81	  2	22:55:41
100	 80	  2	22:55:43
100	 78	  2	22:55:45
100	 77	  3	22:55:47
100	 76	  3	22:55:49
100	 76	  3	22:55:51
100	 76	  3	22:55:53
100	 74	  3	22:55:55
100	 74	  2	22:55:57
100	 75	  2	22:55:59
100	 76	  2	22:56:01
100	 76	  2	22:56:03
100	 76	  2	22:56:05
100	 77	  2	22:56:07
100	 78	  2	22:56:09
100	 78	  2	22:56:11
100	 77	  2	22:56:13
100	 78	  2	22:56:15
100	 79	  3	22:56:19
100	 79	  2	22:56:21
100	 80	  2	22:56:23
100	 80	  2	22:56:25
100	 81	  2	22:56:27
100	 80	  2	22:56:29
100	 79	  3	22:56:31
100	 80	  3	22:56:34
100	 82	  6	22:56:35
100	 84	 11	22:56:38
100	 84	  3	22:56:39
100	 85	  4	22:56:42
100	 88	  2	22:56:43
100	 90	  2	22:56:46
100	 92	  2	22:56:47
100	 93	  2	22:56:50
100	 92	  3	22:56:51
100	 92	  3	22:56:54
100	 90	  4	22:56:55
100	 87	  4	22:56:58
100	 86	  4	22:56:59
100	 83	  4	22:57:03
100	 79	  4	22:57:06
100	 78	  3	22:57:07
100	 78	  3	22:57:10
100	 78	  4	22:57:11
100	 75	  4	22:57:14
100	 74	  3	22:57:15
100	 75	  3	22:57:18
100	 76	  3	22:57:19
100	 76	  4	22:57:22
100	 76	  4	22:57:23
100	 77	  3	22:57:26
100	 78	  3	22:57:27
100	 78	  4	22:57:30
100	 78	  4	22:57:31
100	 77	  4	22:57:34
100	 77	  4	22:57:35
100	 78	  4	22:57:38
100	 79	  6	22:57:39
100	 80	  7	22:57:42
100	 81	  5	22:57:43
100	 83	  3	22:57:47
100	 85	  3	22:57:50
100	 86	  3	22:57:51
100	 82	  3	22:57:54
100	 79	  3	22:57:55
100	 76	  3	22:57:58
100	 74	  3	22:57:59
100	 72	  3	22:58:02
100	 71	  3	22:58:03
100	 70	  3	22:58:06
100	 70	  2	22:58:08
100	 69	  2	22:58:10
100	 69	  3	22:58:12
100	 69	  3	22:58:14
100	 70	  3	22:58:16
100	 72	  3	22:58:18
100	 76	  3	22:58:20
100	 77	  3	22:58:22
100	 77	  3	22:58:24
100	 77	  3	22:58:26
100	 77	  2	22:58:28
100	 76	  3	22:58:32
100	 75	  2	22:58:34
100	 74	  2	22:58:36
100	 74	  2	22:58:38
100	 74	  2	22:58:40
100	 73	  2	22:58:42
100	 72	  2	22:58:44
100	 72	  2	22:58:46
100	 72	  2	22:58:48
100	 71	  2	22:58:50
100	 71	  2	22:58:52
100	 72	  2	22:58:54
100	 73	  2	22:58:56
100	 73	  2	22:58:58
100	 75	  4	22:59:00
100	 77	  3	22:59:02
100	 80	  2	22:59:04
100	 81	  2	22:59:06
100	 82	  2	22:59:08
100	 83	  2	22:59:10
100	 84	  2	22:59:12
100	 91	  3	22:59:18
100	 93	  3	22:59:20
100	 96	  2	22:59:22
100	 96	  2	22:59:24
100	 96	  2	22:59:26
100	 96	  3	22:59:28
100	 92	  3	22:59:30
100	 89	  3	22:59:32
100	 87	  3	22:59:34
100	 87	  3	22:59:36
100	 87	  3	22:59:38
100	 87	  3	22:59:40
100	 87	  3	22:59:42
100	 88	  2	22:59:44
100	 90	  2	22:59:46
100	 91	  2	22:59:48
100	 92	  2	22:59:50
100	 90	  2	22:59:52
100	 89	  2	22:59:54
100	 90	  2	22:59:56
100	 89	  2	23:00:00
100	 88	  2	23:00:02
100	 86	  2	23:00:04
100	 86	  2	23:00:06
100	 88	  2	23:00:08
100	 87	  2	23:00:10
100	 84	  4	23:00:12
100	 86	  4	23:00:14
100	 88	  3	23:00:16
100	 86	  2	23:00:18
100	 86	  2	23:00:20
100	 87	  2	23:00:22
100	 87	  2	23:00:24
100	 86	  2	23:00:26
100	 83	  3	23:00:28
100	 82	  4	23:00:30
100	 79	  4	23:00:32
100	 79	  3	23:00:34
100	 78	  3	23:00:36
100	 78	  3	23:00:38
100	 77	  3	23:00:40
100	 79	  3	23:00:44
100	 81	  3	23:00:46
100	 82	  3	23:00:48
100	 80	  3	23:00:50
100	 80	  3	23:00:52
100	 80	  3	23:00:54
100	 83	  3	23:00:56
100	 81	  3	23:00:58
100	 79	  3	23:01:00
100	 80	  3	23:01:02
100	 80	  3	23:01:04
100	 80	  3	23:01:06
100	 79	  3	23:01:08
100	 78	  3	23:01:10
100	 78	  3	23:01:12
100	 83	  3	23:01:14
100	 85	  4	23:01:16
100	 86	  4	23:01:18
100	 85	  3	23:01:20
100	 86	  2	23:01:22
100	 87	  2	23:01:24
100	 89	  2	23:01:28
100	 91	  3	23:01:30
100	 90	  3	23:01:32
100	 86	  3	23:01:34
100	 85	  3	23:01:36
100	 85	  3	23:01:38
100	 84	  3	23:01:40
100	 83	  2	23:01:42
100	 84	  2	23:01:44
100	 84	  2	23:01:46
100	 86	  2	23:01:48
100	 89	  2	23:01:50
100	 89	  2	23:01:52
100	 86	  2	23:01:54
100	 84	  2	23:01:56
100	 84	  2	23:01:58
100	 83	  2	23:02:00
100	 83	  3	23:02:02
100	 84	  2	23:02:04
100	 83	  2	23:02:06
100	 83	  2	23:02:08
100	 81	  2	23:02:14
100	 81	  3	23:02:16
100	 79	  3	23:02:18
100	 78	  3	23:02:20
100	 79	  2	23:02:22
100	 79	  2	23:02:24
100	 80	  3	23:02:26
100	 78	  2	23:02:28
100	 77	  2	23:02:30
100	 76	  2	23:02:32
100	 76	  2	23:02:34
100	 76	  3	23:02:36
100	 75	  3	23:02:38
100	 76	  3	23:02:40
100	 77	  2	23:02:42
100	 79	  2	23:02:44
100	 79	  2	23:02:46
100	 78	  2	23:02:48
100	 77	  2	23:02:50
100	 78	  2	23:02:52
100	 78	  3	23:02:58
100	 76	  2	23:03:00
100	 77	  2	23:03:02
100	 78	  2	23:03:04
100	 79	  2	23:03:06
100	 79	  2	23:03:08
100	 77	  2	23:03:10
100	 77	  2	23:03:12
100	 79	  2	23:03:14
100	 79	  3	23:03:16
100	 79	  3	23:03:18
100	 78	  3	23:03:20
100	 78	  2	23:03:22
100	 79	  2	23:03:24
100	 78	  2	23:03:26
100	 77	  2	23:03:28
100	 77	  2	23:03:30
100	 77	  2	23:03:32
100	 77	  2	23:03:34
100	 76	  3	23:03:36
100	 78	  2	23:03:40
100	 78	  2	23:03:42
100	 78	  2	23:03:44
100	 78	  2	23:03:46
100	 78	  2	23:03:48
100	 79	  2	23:03:50
100	 79	  3	23:03:52
100	 79	  2	23:03:54
100	 79	  2	23:03:56
100	 79	  2	23:03:58
100	 79	  2	23:04:00
100	 81	  2	23:04:02
100	 82	  2	23:04:04
100	 84	  2	23:04:06
100	 84	  2	23:04:08
100	 85	  2	23:04:10
100	 84	  2	23:04:12
100	 85	  2	23:04:14
100	 85	  2	23:04:16
100	 84	  2	23:04:18
100	 84	  2	23:04:20
100	 85	  2	23:04:26
100	 84	  2	23:04:28
100	 84	  2	23:04:30
100	 85	  2	23:04:32
100	 86	  2	23:04:34
100	 87	  2	23:04:36
100	 86	  3	23:04:38
100	 84	  3	23:04:40
100	 83	  2	23:04:42
100	 83	  3	23:04:44
100	 84	  3	23:04:46
100	 83	  3	23:04:48
100	 79	  3	23:04:50
100	 79	  2	23:04:52
100	 83	  3	23:04:54
100	 82	  3	23:04:56
100	 80	  3	23:04:58
100	 80	  3	23:05:00
100	 80	  3	23:05:02
100	 82	  2	23:05:04
100	 78	  3	23:05:10
100	 78	  3	23:05:12
100	 76	  4	23:05:14
100	 76	  3	23:05:16
100	 75	  3	23:05:18
100	 74	  3	23:05:20
100	 74	  3	23:05:22
100	 74	  3	23:05:24
100	 74	  4	23:05:26
100	 73	  4	23:05:28
100	 73	  3	23:05:30
100	 76	  3	23:05:32
100	 77	  3	23:05:34
100	 77	  3	23:05:36
100	 77	  3	23:05:38
100	 78	  3	23:05:40
100	 79	  3	23:05:42
100	 77	  4	23:05:44
100	 76	  4	23:05:46
100	 76	  4	23:05:48
100	 75	  3	23:05:52
100	 76	  3	23:05:54
100	 77	  3	23:05:56
100	 78	  3	23:05:58
100	 79	  2	23:06:00
100	 80	  2	23:06:02
100	 82	  7	23:06:04
100	 84	  3	23:06:06
100	 86	  2	23:06:08
100	 86	  2	23:06:10
100	 86	  2	23:06:12
100	 86	  2	23:06:14
100	 87	  2	23:06:16
100	 87	  2	23:06:18
100	 86	  3	23:06:20
100	 86	  2	23:06:22
100	 84	  2	23:06:24
100	 83	  2	23:06:26
100	 84	  2	23:06:28
100	 84	  2	23:06:30
100	 83	  2	23:06:32
100	 82	  2	23:06:36
100	 83	  2	23:06:38
100	 83	  2	23:06:40
100	 82	  2	23:06:42
100	 82	  2	23:06:44
100	 83	  2	23:06:46
100	 82	  2	23:06:48
100	 81	  2	23:06:50
100	 80	  2	23:06:52
100	 80	  3	23:06:54
100	 78	  2	23:06:56
100	 76	  3	23:06:58
100	 76	  2	23:07:00
100	 78	  2	23:07:02
100	 80	  2	23:07:04
100	 80	  2	23:07:06
100	 79	  2	23:07:08
100	 79	  2	23:07:10
100	 80	  2	23:07:12
100	 81	  2	23:07:14
100	 81	  2	23:07:16
100	 80	  2	23:07:22
100	 79	  2	23:07:24
100	 78	  2	23:07:26
100	 77	  2	23:07:28
100	 78	  2	23:07:30
100	 79	  2	23:07:32
100	 79	  2	23:07:34
100	 79	  2	23:07:36
100	 79	  2	23:07:38
100	 79	  2	23:07:40
100	 77	  2	23:07:42
100	 76	  2	23:07:44
100	 76	  3	23:07:46
100	 79	  3	23:07:48
100	 78	  3	23:07:50
100	 77	  3	23:07:52
100	 76	  2	23:07:54
100	 77	  2	23:07:56
100	 78	  2	23:07:58
100	 76	  2	23:08:00
100	 73	  2	23:08:06
100	 74	  2	23:08:08
100	 73	  3	23:08:10
100	 72	  3	23:08:12
100	 71	  3	23:08:14
100	 69	  3	23:08:16
100	 70	  3	23:08:18
100	 70	  3	23:08:20
100	 72	  2	23:08:22
100	 70	  3	23:08:24
100	 73	  2	23:08:26
100	 74	  2	23:08:28
100	 73	  3	23:08:30
100	 74	  2	23:08:32
100	 74	  3	23:08:34
100	 76	  3	23:08:36
100	 76	  3	23:08:38
100	 75	  2	23:08:40
100	 75	  2	23:08:42
100	 76	  2	23:08:44
100	 76	  3	23:08:50
100	 75	  3	23:08:52
100	 74	  2	23:08:54
100	 76	  2	23:08:56
100	 76	  2	23:08:58
100	 76	  3	23:09:00
100	 75	  2	23:09:02
100	 75	  2	23:09:04
100	 78	  2	23:09:06
100	 84	  2	23:09:08
100	 83	  2	23:09:10
100	 81	  2	23:09:12
100	 80	  2	23:09:14
100	 82	  2	23:09:16
100	 85	  2	23:09:18
100	 83	  2	23:09:20
100	 83	  3	23:09:22
100	 80	  2	23:09:24
100	 81	  2	23:09:26
100	 81	  2	23:09:28
100	 77	  3	23:09:34
100	 77	  3	23:09:36
100	 77	  3	23:09:38
100	 77	  3	23:09:40
100	 79	  4	23:09:42
100	 82	  3	23:09:44
100	 82	  3	23:09:46
100	 82	  3	23:09:48
100	 82	  3	23:09:50
100	 84	  2	23:09:52
100	 85	  2	23:09:54
100	 85	  2	23:09:56
100	 85	  4	23:09:58
100	 88	  3	23:10:00
100	 92	  2	23:10:02
100	 91	  2	23:10:04
100	 91	  2	23:10:06
100	 92	  2	23:10:08
100	 89	  2	23:10:10
100	 88	  2	23:10:12
100	 85	  3	23:10:18
100	 87	  3	23:10:20
100	 89	  2	23:10:22
100	 89	  3	23:10:24
100	 91	  3	23:10:26
100	 90	  2	23:10:28
100	 87	  2	23:10:30
100	 84	  2	23:10:32
100	 83	  2	23:10:34
100	 84	  3	23:10:36
100	 80	  3	23:10:38
100	 80	  3	23:10:40
100	 79	  3	23:10:42
100	 78	  3	23:10:44
100	 78	  3	23:10:46
100	 77	  3	23:10:48
100	 75	  2	23:10:50
100	 76	  3	23:10:52
100	 79	  2	23:10:54
100	 80	  2	23:10:56
100	 79	  2	23:11:00
100	 81	  2	23:11:02
100	 82	  2	23:11:04
100	 82	  2	23:11:06
100	 82	  2	23:11:08
100	 83	  2	23:11:10
100	 83	  3	23:11:12
100	 85	  3	23:11:14
100	 88	  3	23:11:16
100	 90	  2	23:11:18
100	 88	  2	23:11:20
100	 89	  2	23:11:22
100	 87	  2	23:11:24
100	 86	  3	23:11:26
100	 88	  3	23:11:28
100	 90	  3	23:11:30
100	 89	  2	23:11:32
100	 89	  2	23:11:34
100	 90	  2	23:11:36
100	 93	  2	23:11:38
100	 92	  2	23:11:40
			23:11:42
100	 86	  3	23:11:44
100	 83	  2	23:11:46
100	 83	  2	23:11:48
100	 82	  2	23:11:50
100	 82	  2	23:11:52
100	 82	  2	23:11:54
100	 82	  2	23:11:56
100	 82	  2	23:11:58
100	 82	  2	23:12:00
100	 84	  2	23:12:02
100	 85	  2	23:12:04
100	 86	  2	23:12:06
100	 85	  2	23:12:08
100	 84	  2	23:12:10
100	 84	  2	23:12:12
100	 86	  2	23:12:14
100	 85	  2	23:12:16
100	 82	  2	23:12:18
100	 80	  2	23:12:20
100	 80	  2	23:12:22
100	 80	  2	23:12:24
100	 80	  3	23:12:28
100	 80	  3	23:12:30
100	 81	  2	23:12:32
100	 82	  2	23:12:34
100	 82	  2	23:12:36
100	 83	  2	23:12:38
100	 84	  2	23:12:40
100	 84	  3	23:12:42
100	 84	  2	23:12:44
100	 84	  2	23:12:46
100	 84	  2	23:12:48
100	 84	  2	23:12:50
100	 83	  3	23:12:52
100	 83	  3	23:12:54
100	 84	  3	23:12:56
100	 84	  2	23:12:58
100	 82	  2	23:13:00
100	 82	  2	23:13:02
100	 85	  2	23:13:04
100	 85	  2	23:13:06
100	 84	  2	23:13:08
100	 90	  2	23:13:12
100	 93	  3	23:13:14
100	 92	  3	23:13:16
100	 93	  3	23:13:18
100	 89	  3	23:13:20
100	 88	  3	23:13:22
100	 87	  3	23:13:24
100	 86	  3	23:13:26
100	 85	  3	23:13:28
100	 84	  3	23:13:30
100	 83	  3	23:13:32
100	 83	  3	23:13:34
100	 83	  2	23:13:36
100	 84	  2	23:13:38
100	 84	  2	23:13:40
100	 83	  2	23:13:42
100	 83	  2	23:13:44
100	 83	  2	23:13:46
100	 82	  2	23:13:48
100	 82	  2	23:13:50
100	 81	  2	23:13:52
100	 82	  2	23:13:56
100	 81	  2	23:13:58
100	 81	  2	23:14:00
100	 82	  2	23:14:02
100	 84	  2	23:14:04
100	 83	  2	23:14:06
100	 83	  2	23:14:08
100	 85	  2	23:14:10
100	 86	  2	23:14:12
100	 86	  2	23:14:14
100	 87	  2	23:14:16
100	 88	  2	23:14:18
100	 87	  2	23:14:20
100	 88	  2	23:14:22
100	 87	  2	23:14:24
100	 85	  2	23:14:26
100	 84	  2	23:14:28
100	 84	  2	23:14:30
100	 84	  2	23:14:32
100	 83	  2	23:14:34
100	 82	  2	23:14:36
100	 83	  2	23:14:42
100	 83	  2	23:14:44
100	 81	  2	23:14:46
100	 80	  2	23:14:48
100	 80	  2	23:14:50
100	 82	  2	23:14:52
100	 84	  2	23:14:54
100	 84	  2	23:14:56
100	 83	  2	23:14:58
100	 81	  2	23:15:00
100	 83	  2	23:15:02
100	 84	  2	23:15:04
100	 87	  3	23:15:06
100	 89	  3	23:15:08
100	 90	  3	23:15:10
100	 89	  2	23:15:12
100	 91	  2	23:15:14
100	 91	  2	23:15:16
100	 90	  3	23:15:18
100	 86	  3	23:15:20
100	 78	  3	23:15:26
100	 77	  4	23:15:28
100	 77	  3	23:15:30
100	 77	  3	23:15:32
100	 79	  3	23:15:34
100	 81	  2	23:15:36
100	 81	  2	23:15:38
100	 80	  2	23:15:40
100	 81	  2	23:15:42
100	 81	  3	23:15:44
100	 81	  3	23:15:46
100	 80	  3	23:15:48
100	 79	  3	23:15:50
100	 78	  3	23:15:52
100	 78	  3	23:15:54
100	 80	  2	23:15:56
100	 81	  2	23:15:58
100	 80	  3	23:16:00
100	 80	  2	23:16:02
100	 83	  2	23:16:04
100	 85	  3	23:16:10
100	 81	  3	23:16:12
100	 81	  3	23:16:14
100	 81	  2	23:16:16
100	 81	  2	23:16:18
100	 81	  3	23:16:20
100	 79	  3	23:16:22
100	 81	  3	23:16:24
100	 81	  3	23:16:26
100	 80	  3	23:16:28
100	 79	  3	23:16:30
100	 79	  2	23:16:32
100	 82	  2	23:16:34
100	 81	  3	23:16:36
100	 84	  4	23:16:38
100	 87	  2	23:16:40
100	 89	  2	23:16:42
100	 90	  2	23:16:44
100	 89	  2	23:16:46
100	 90	  2	23:16:48
100	 85	  2	23:16:52
100	 86	  2	23:16:54
100	 87	  2	23:16:56
100	 86	  2	23:16:58
100	 83	  2	23:17:00
100	 82	  2	23:17:02
100	 80	  2	23:17:04
100	 79	  3	23:17:06
100	 78	  2	23:17:08
100	 79	  3	23:17:10
100	 79	  3	23:17:12
100	 79	  3	23:17:14
100	 80	  2	23:17:16
100	 81	  2	23:17:18
100	 82	  2	23:17:20
100	 82	  2	23:17:22
100	 80	  2	23:17:24
100	 80	  2	23:17:26
100	 80	  2	23:17:28
100	 80	  2	23:17:30
100	 80	  2	23:17:32
100	 79	  2	23:17:36
100	 81	  3	23:17:38
100	 83	  3	23:17:40
100	 85	  3	23:17:42
100	 85	  2	23:17:44
100	 84	  2	23:17:46
100	 83	  2	23:17:48
100	 84	  2	23:17:50
100	 84	  2	23:17:52
100	 83	  2	23:17:54
100	 81	  3	23:17:56
100	 79	  3	23:17:58
100	 79	  3	23:18:00
100	 80	  3	23:18:02
100	 81	  3	23:18:04
100	 81	  3	23:18:06
